period,avg,low,high,yearAgoEps,numberOfAnalysts,growth,ticker,fetch_date
0q,2.66721,2.51,2.8,2.4,30,0.1113,AAPL,2025-12-31 16:56:16.479846
+1q,1.84254,1.7,2.15,1.65,28,0.1167,AAPL,2025-12-31 16:56:16.479846
0y,8.26741,7.76,9.0,7.46,40,0.1082,AAPL,2025-12-31 16:56:16.479846
+1y,9.13804,8.3,10.1,8.26741,37,0.105299994,AAPL,2025-12-31 16:56:16.479846
0q,3.86083,3.41,4.11521,3.23,33,0.19530001,MSFT,2025-12-31 16:56:22.491236
+1q,3.91717,3.48,4.18,3.46,33,0.1321,MSFT,2025-12-31 16:56:22.491236
0y,15.74872,14.36,17.4,13.64,42,0.1546,MSFT,2025-12-31 16:56:22.491236
+1y,18.63513,16.37,20.4,15.74872,43,0.1833,MSFT,2025-12-31 16:56:22.491236
0q,2.62866,2.46,3.01,2.15,45,0.2226,GOOGL,2025-12-31 16:56:26.378888
+1q,2.52155,2.36,2.69,2.81,32,-0.1027,GOOGL,2025-12-31 16:56:26.378888
0y,10.56259,9.5,11.04,8.04,61,0.31379998,GOOGL,2025-12-31 16:56:26.378888
+1y,11.20453,10.3,13.11,10.56259,60,0.0608,GOOGL,2025-12-31 16:56:26.378888
0q,1.93901,1.61,2.23,1.86,43,0.0425,AMZN,2025-12-31 16:56:30.161654
+1q,1.71584,1.3,1.93,1.59,29,0.0791,AMZN,2025-12-31 16:56:30.161654
0y,7.0557,5.7,7.63,5.53,62,0.2759,AMZN,2025-12-31 16:56:30.161654
+1y,7.85839,6.72,8.92,7.0557,60,0.113800004,AMZN,2025-12-31 16:56:30.161654
0q,1.52158,1.49,1.59,0.89,39,0.7096,NVDA,2025-12-31 16:56:33.966310
+1q,1.64721,1.42,1.98,0.81,39,1.0336,NVDA,2025-12-31 16:56:33.966310
0y,4.69153,4.62,4.96,2.99,45,0.5691,NVDA,2025-12-31 16:56:33.966310
+1y,7.56636,4.91,9.68,4.69153,55,0.6128,NVDA,2025-12-31 16:56:33.966310
0q,8.17046,7.23,8.83,8.02,40,0.0188,META,2025-12-31 16:56:38.046819
+1q,6.32245,5.24,7.25,6.43,29,-0.0167,META,2025-12-31 16:56:38.046819
0y,23.16044,21.85,28.38,23.86,55,-0.0293,META,2025-12-31 16:56:38.046819
+1y,29.61541,23.45,34.38,23.16044,55,0.2787,META,2025-12-31 16:56:38.046819
0q,0.44578,0.14,0.65,0.73,25,-0.3893,TSLA,2025-12-31 16:56:41.763550
+1q,0.43825,0.27725,0.57,0.27,13,0.62310004,TSLA,2025-12-31 16:56:41.763550
0y,1.63796,1.15349,2.03,2.42,34,-0.3232,TSLA,2025-12-31 16:56:41.763550
+1y,2.21713,1.33,3.5,1.63796,33,0.3536,TSLA,2025-12-31 16:56:41.763550
0q,5.39473,5.39473,5.39473,6.7347,1,-0.199,BRK-B,2025-12-31 16:56:45.527676
+1q,5.5097,5.5097,5.5097,4.4689,1,0.23290001,BRK-B,2025-12-31 16:56:45.527676
0y,21.27917,20.91,21.64,21.9964,3,-0.0326,BRK-B,2025-12-31 16:56:45.527676
+1y,24.19081,19.94,31.59,21.27917,4,0.1368,BRK-B,2025-12-31 16:56:45.527676
0q,2.10981,2.01,2.32,6.81,23,-0.6902,UNH,2025-12-31 16:56:48.642291
+1q,6.60865,5.03,8.05,7.2,18,-0.082100004,UNH,2025-12-31 16:56:48.642291
0y,16.3272,16.21,16.50062,27.66,27,-0.4097,UNH,2025-12-31 16:56:48.642291
+1y,17.76749,17.05,19.31,16.3272,27,0.088199995,UNH,2025-12-31 16:56:48.642291
0q,2.52256,2.37,2.58441,2.04,18,0.2365,JNJ,2025-12-31 16:56:52.517876
+1q,2.74412,2.63,2.87,2.77,14,-0.0093,JNJ,2025-12-31 16:56:52.517876
0y,10.85801,10.7,10.96,9.98,25,0.088,JNJ,2025-12-31 16:56:52.517876
+1y,11.52817,11.11,12.08,10.85801,26,0.0617,JNJ,2025-12-31 16:56:52.517876
0q,3.13846,3.08,3.18,2.75,28,0.14130001,V,2025-12-31 16:56:57.097209
+1q,3.06622,3.01,3.13082,2.76,27,0.1109,V,2025-12-31 16:56:57.097209
0y,12.79569,12.55014,12.98,11.47,39,0.115600005,V,2025-12-31 16:56:57.097209
+1y,14.42556,13.64765,14.94,12.79569,37,0.1274,V,2025-12-31 16:56:57.097209
0q,1.68722,1.49,1.81618,1.67,17,0.010299999,XOM,2025-12-31 16:57:00.873466
+1q,1.67222,1.42,2.01,1.76,17,-0.0499,XOM,2025-12-31 16:57:00.873466
0y,6.97897,6.62,7.45,7.79,24,-0.1041,XOM,2025-12-31 16:57:00.873466
+1y,7.18525,5.91,10.91,6.97897,26,0.0296,XOM,2025-12-31 16:57:00.873466
0q,0.72306,0.69,0.76202,0.66,33,0.0955,WMT,2025-12-31 16:57:04.821548
+1q,0.67538,0.62,0.73,0.61,21,0.107200004,WMT,2025-12-31 16:57:04.821548
0y,2.63788,2.59,2.83,2.51,37,0.0509,WMT,2025-12-31 16:57:04.821548
+1y,2.97842,2.84,3.33,2.63788,38,0.1291,WMT,2025-12-31 16:57:04.821548
0q,4.94848,4.68,5.11,4.81,11,0.028800001,JPM,2025-12-31 16:57:08.504124
+1q,5.25245,4.95,5.55,5.07,10,0.036,JPM,2025-12-31 16:57:08.504124
0y,20.12463,19.79553,20.92,19.75,12,0.019,JPM,2025-12-31 16:57:08.504124
+1y,21.18152,20.0,22.93,20.12463,14,0.0525,JPM,2025-12-31 16:57:08.504124
0q,1.87104,1.82,1.94,1.88,16,-0.0047999998,PG,2025-12-31 16:57:12.265411
+1q,1.59128,1.56089,1.62,1.54,16,0.033299997,PG,2025-12-31 16:57:12.265411
0y,7.00081,6.88793,7.2,6.83,21,0.025,PG,2025-12-31 16:57:12.265411
+1y,7.35039,6.95,7.52,7.00081,21,0.0499,PG,2025-12-31 16:57:12.265411
0q,4.24874,4.05,4.39,3.82,27,0.1122,MA,2025-12-31 16:57:15.903550
+1q,4.28512,4.14684,4.47,3.73,21,0.1488,MA,2025-12-31 16:57:15.903550
0y,16.46053,15.95,16.64,14.6,37,0.1274,MA,2025-12-31 16:57:15.903550
+1y,19.10937,18.62,19.66956,16.46053,38,0.1609,MA,2025-12-31 16:57:15.903550
0q,2.56076,2.41,2.95,3.02,33,-0.1521,HD,2025-12-31 16:57:19.493265
+1q,3.63923,3.5,3.88,3.56,25,0.0223,HD,2025-12-31 16:57:19.493265
0y,14.55059,14.09,15.1,14.91,37,-0.0241,HD,2025-12-31 16:57:19.493265
+1y,15.12937,14.35,16.48316,14.55059,36,0.0398,HD,2025-12-31 16:57:19.493265
0q,1.56568,1.1,1.85,2.06,16,-0.24,CVX,2025-12-31 16:57:22.979662
+1q,1.80576,1.33,2.42107,2.18,17,-0.1717,CVX,2025-12-31 16:57:22.979662
0y,7.34049,6.75,7.78965,10.05,23,-0.2696,CVX,2025-12-31 16:57:22.979662
+1y,7.55191,4.71,9.57,7.34049,26,0.028800001,CVX,2025-12-31 16:57:22.979662
0q,2.05425,1.98,2.2,1.72,16,0.1943,MRK,2025-12-31 16:57:26.778122
+1q,1.77333,-1.55,2.4,2.22,9,-0.20120001,MRK,2025-12-31 16:57:26.778122
0y,8.97378,8.9,9.12,7.65,19,0.173,MRK,2025-12-31 16:57:26.778122
+1y,8.27242,5.25,10.05256,8.97378,20,-0.078200005,MRK,2025-12-31 16:57:26.778122
0q,3.35327,3.3,3.52,2.16,18,0.5524,ABBV,2025-12-31 16:57:30.296249
+1q,3.11182,2.92,3.41,2.46,11,0.265,ABBV,2025-12-31 16:57:30.296249
0y,10.64137,10.5,10.8,10.12,27,0.0515,ABBV,2025-12-31 16:57:30.296249
+1y,14.25264,13.26,15.43,10.64137,28,0.3394,ABBV,2025-12-31 16:57:30.296249
0q,7.17441,6.65,8.72,5.32,18,0.3486,LLY,2025-12-31 16:57:33.844406
+1q,7.45556,6.53,9.3,3.34,9,1.2322,LLY,2025-12-31 16:57:33.844406
0y,23.65796,22.29,25.38,12.99,28,0.8212,LLY,2025-12-31 16:57:33.844406
+1y,32.63357,27.1,39.17,23.65796,28,0.37939999,LLY,2025-12-31 16:57:33.844406
0q,2.00741,1.63573,2.11,1.6,37,0.2546,AVGO,2025-12-31 16:57:37.305900
+1q,2.12917,1.70529,2.31428,1.58,35,0.34759998,AVGO,2025-12-31 16:57:37.305900
0y,10.10944,8.62301,11.67843,6.82,44,0.48229998,AVGO,2025-12-31 16:57:37.305900
+1y,14.00101,9.71,16.82,10.10944,40,0.3849,AVGO,2025-12-31 16:57:37.305900
0q,0.56123,0.54,0.59,0.55,17,0.020399999,KO,2025-12-31 16:57:41.000667
+1q,0.83227,0.77,0.87341,0.73,13,0.1401,KO,2025-12-31 16:57:41.000667
0y,2.98827,2.97,3.02,2.88,23,0.0376,KO,2025-12-31 16:57:41.000667
+1y,3.22094,3.15,3.32,2.98827,23,0.0779,KO,2025-12-31 16:57:41.000667
0q,2.23738,2.22,2.25,1.96,16,0.1415,PEP,2025-12-31 16:57:44.406410
+1q,1.5693,1.48,1.61104,1.48,12,0.060300004,PEP,2025-12-31 16:57:44.406410
0y,8.11366,8.0848,8.13,8.16,22,-0.0057,PEP,2025-12-31 16:57:44.406410
+1y,8.56676,8.30809,8.7,8.11366,20,0.0558,PEP,2025-12-31 16:57:44.406410
0q,4.50245,4.31,4.864,4.02,29,0.12,COST,2025-12-31 16:57:47.971431
+1q,4.86072,4.6,5.29187,4.28,29,0.1357,COST,2025-12-31 16:57:47.971431
0y,20.28773,19.7,22.06868,18.21,32,0.1141,COST,2025-12-31 16:57:47.971431
+1y,22.24443,21.36,25.00007,20.28773,32,0.0964,COST,2025-12-31 16:57:47.971431
0q,5.8724,5.84,5.91,5.08,27,0.156,ADBE,2025-12-31 16:57:51.565250
+1q,5.68132,5.56,5.81,5.06,27,0.1228,ADBE,2025-12-31 16:57:51.565250
0y,23.46429,22.56,24.61,20.94,35,0.1205,ADBE,2025-12-31 16:57:51.565250
+1y,26.32865,23.45751,28.11,23.46429,35,0.1221,ADBE,2025-12-31 16:57:51.565250
0q,6.45134,6.38608,6.52,6.1,21,0.057600003,TMO,2025-12-31 16:57:55.173743
+1q,5.58758,5.38,5.84,5.15,17,0.085,TMO,2025-12-31 16:57:55.173743
0y,22.73073,22.51,22.81,21.86,27,0.0398,TMO,2025-12-31 16:57:55.173743
+1y,24.65947,24.0,25.87,22.73073,27,0.0849,TMO,2025-12-31 16:57:55.173743
0q,3.03731,2.91,3.30651,2.83,32,0.0733,MCD,2025-12-31 16:57:58.537371
+1q,2.84873,2.72,2.95,2.67,28,0.0669,MCD,2025-12-31 16:57:58.537371
0y,12.12993,11.92313,12.42,11.72,37,0.035,MCD,2025-12-31 16:57:58.537371
+1y,13.22905,12.63594,13.6,12.12993,37,0.09060001,MCD,2025-12-31 16:57:58.537371
0q,1.02121,1.01,1.03,0.94,20,0.0864,CSCO,2025-12-31 16:58:02.079073
+1q,1.03038,1.01,1.07,0.96,19,0.0733,CSCO,2025-12-31 16:58:02.079073
0y,4.12165,4.07,4.23,3.81,24,0.08180001,CSCO,2025-12-31 16:58:02.079073
+1y,4.47265,4.32,4.67,4.12165,24,0.085200004,CSCO,2025-12-31 16:58:02.079073
0q,2.85714,2.77,3.07,2.82,19,0.013200001,ACN,2025-12-31 16:58:05.797596
+1q,3.69403,3.11,3.79204,3.49,19,0.0585,ACN,2025-12-31 16:58:05.797596
0y,13.83544,13.28,14.0,12.93,27,0.07,ACN,2025-12-31 16:58:05.797596
+1y,14.88188,14.0,15.31,13.83544,27,0.0756,ACN,2025-12-31 16:58:05.797596
0q,1.49593,1.45,1.51,1.34,24,0.1164,ABT,2025-12-31 16:58:09.230924
+1q,1.20263,1.14,1.3,1.09,20,0.1033,ABT,2025-12-31 16:58:09.230924
0y,5.17128,5.14,5.67,4.67,28,0.1073,ABT,2025-12-31 16:58:09.230924
+1y,5.67559,5.51,5.85,5.17128,28,0.0975,ABT,2025-12-31 16:58:09.230924
0q,0.29044,0.24,0.35,0.54,18,-0.4621,NKE,2025-12-31 16:58:12.759364
+1q,0.21937,0.08,0.52,0.14,18,0.5669,NKE,2025-12-31 16:58:12.759364
0y,1.60073,1.39,1.9196,2.16,33,-0.2589,NKE,2025-12-31 16:58:12.759364
+1y,2.40953,1.64,3.5,1.60073,33,0.5053,NKE,2025-12-31 16:58:12.759364
0q,2.13854,2.1,2.225,2.14,21,-0.0007,DHR,2025-12-31 16:58:16.328246
+1q,2.00334,1.87,2.1,1.88,17,0.0656,DHR,2025-12-31 16:58:16.328246
0y,7.71541,7.67,7.8,7.48,25,0.0315,DHR,2025-12-31 16:58:16.328246
+1y,8.42116,8.3,8.7,7.71541,25,0.0915,DHR,2025-12-31 16:58:16.328246
0q,1.06227,1.03,1.12,1.1,18,-0.0343,VZ,2025-12-31 16:58:19.782354
+1q,1.18801,1.13615,1.21,1.19,12,-0.0017,VZ,2025-12-31 16:58:19.782354
0y,4.68729,4.64,4.74,4.59,22,0.0212,VZ,2025-12-31 16:58:19.782354
+1y,4.79929,4.62,5.08,4.68729,22,0.0239,VZ,2025-12-31 16:58:19.782354
0q,0.0814,0.06,0.10927,0.13,35,-0.3738,INTC,2025-12-31 16:58:22.998383
+1q,0.05289,-0.03,0.18,0.13,32,-0.59319997,INTC,2025-12-31 16:58:22.998383
0y,0.33998,0.28,0.37458,-0.13,42,3.6151998,INTC,2025-12-31 16:58:22.998383
+1y,0.59549,0.26,1.0,0.33998,44,0.7515,INTC,2025-12-31 16:58:22.998383
0q,3.05019,3.02,3.2,2.78,46,0.097200006,CRM,2025-12-31 16:58:26.498676
+1q,3.01077,2.82,3.27,2.58,41,0.16700001,CRM,2025-12-31 16:58:26.498676
0y,11.77078,11.5,11.92,10.2,50,0.154,CRM,2025-12-31 16:58:26.498676
+1y,13.11845,11.92,15.04,11.77078,56,0.1145,CRM,2025-12-31 16:58:26.498676
0q,1.71457,1.67,1.77,1.47,31,0.1664,ORCL,2025-12-31 16:58:29.864898
+1q,1.97027,1.83,2.15,1.7,30,0.159,ORCL,2025-12-31 16:58:29.864898
0y,7.36811,6.77,7.58,6.03,36,0.2219,ORCL,2025-12-31 16:58:29.864898
+1y,7.9627,6.16,8.48,7.36811,43,0.080699995,ORCL,2025-12-31 16:58:29.864898
0q,1.68596,1.61,1.77,1.43,19,0.17899999,WFC,2025-12-31 16:58:33.282659
+1q,1.55596,1.48,1.73,1.39,16,0.119399995,WFC,2025-12-31 16:58:33.282659
0y,6.33142,6.21,6.51,5.37,21,0.17899999,WFC,2025-12-31 16:58:33.282659
+1y,7.05793,6.62,7.36052,6.33142,22,0.114700004,WFC,2025-12-31 16:58:33.282659
0q,1.31047,1.25,1.54,1.3,30,0.0081,TXN,2025-12-31 16:58:38.769169
+1q,1.2801,1.12,1.58,1.28,28,0.0001,TXN,2025-12-31 16:58:38.769169
0y,5.47709,5.4,5.71,5.2,31,0.0533,TXN,2025-12-31 16:58:38.769169
+1y,6.13599,5.24,7.06909,5.47709,33,0.120299995,TXN,2025-12-31 16:58:38.769169
0q,1.71148,1.64328,1.83,1.55,12,0.1042,PM,2025-12-31 16:58:43.079439
+1q,1.90159,1.85,1.98,1.69,7,0.1252,PM,2025-12-31 16:58:43.079439
0y,7.54348,7.38514,7.89,6.57,18,0.14819999,PM,2025-12-31 16:58:43.079439
+1y,8.34101,8.22,8.60133,7.54348,18,0.10569999,PM,2025-12-31 16:58:43.079439
0q,0.60097,0.4624,0.971,0.53,13,0.1339,NEE,2025-12-31 16:58:47.219335
+1q,0.8543,0.46,1.21,0.99,9,-0.1371,NEE,2025-12-31 16:58:47.219335
0y,3.69242,3.62942,3.85,3.43,22,0.0765,NEE,2025-12-31 16:58:47.219335
+1y,4.00691,3.85,4.07658,3.69242,23,0.085200004,NEE,2025-12-31 16:58:47.219335
0q,2.18688,2.036,2.28,2.75,23,-0.2048,UPS,2025-12-31 16:58:50.456328
+1q,1.39546,1.05,1.56,1.49,17,-0.0634,UPS,2025-12-31 16:58:50.456328
0y,6.87886,6.16,7.31499,7.72,30,-0.109,UPS,2025-12-31 16:58:50.456328
+1y,7.15377,6.6,7.94764,6.87886,30,0.04,UPS,2025-12-31 16:58:50.456328
0q,1.67501,1.51,2.23,1.67,19,0.003,BMY,2025-12-31 16:58:54.133087
+1q,1.436,0.96,1.86,1.8,10,-0.2022,BMY,2025-12-31 16:58:54.133087
0y,6.53947,6.4,6.68487,1.15,25,4.6865,BMY,2025-12-31 16:58:54.133087
+1y,5.99551,5.4,7.27,6.53947,27,-0.0832,BMY,2025-12-31 16:58:54.133087
0q,1.47096,1.4,1.6211,1.54,18,-0.0448,RTX,2025-12-31 16:58:57.646366
+1q,1.51846,1.41622,1.66292,1.47,10,0.033,RTX,2025-12-31 16:58:57.646366
0y,6.20462,6.12027,6.36,5.73,22,0.0828,RTX,2025-12-31 16:58:57.646366
+1y,6.7729,6.5,7.25171,6.20462,21,0.0916,RTX,2025-12-31 16:58:57.646366
0q,2.56896,2.51867,2.62,2.47,18,0.0401,HON,2025-12-31 16:59:01.209092
+1q,2.39464,2.28,2.55,2.51,12,-0.046,HON,2025-12-31 16:59:01.209092
0y,10.57236,9.78,10.7,9.89,19,0.069,HON,2025-12-31 16:59:01.209092
+1y,10.57421,9.51407,11.09,10.57236,23,0.0002,HON,2025-12-31 16:59:01.209092
0q,2.91464,2.75,3.04,2.91,13,0.0016,UNP,2025-12-31 16:59:04.705104
+1q,2.89167,2.83,2.95,2.7,6,0.071,UNP,2025-12-31 16:59:04.705104
0y,11.78092,11.59,11.91,11.09,15,0.0623,UNP,2025-12-31 16:59:04.705104
+1y,12.57385,12.21,13.05,11.78092,16,0.0673,UNP,2025-12-31 16:59:04.705104
0q,3.39521,3.1,3.51,3.41,25,-0.0043,QCOM,2025-12-31 16:59:08.251408
+1q,2.89708,2.58,3.04,2.85,24,0.0165,QCOM,2025-12-31 16:59:08.251408
0y,12.0957,10.69,13.25,12.03,29,0.0055,QCOM,2025-12-31 16:59:08.251408
+1y,12.43154,10.2,14.78,12.0957,30,0.0278,QCOM,2025-12-31 16:59:08.251408
0q,4.74323,4.05,5.74,5.31,25,-0.1067,AMGN,2025-12-31 16:59:11.722315
+1q,5.04091,4.41,6.55,4.9,11,0.028800001,AMGN,2025-12-31 16:59:11.722315
0y,21.25532,20.6,22.3,19.84,31,0.0713,AMGN,2025-12-31 16:59:11.722315
+1y,21.93751,20.33,24.49,21.25532,31,0.0321,AMGN,2025-12-31 16:59:11.722315
0q,1.9534,1.89,2.18,1.93,28,0.0121,LOW,2025-12-31 16:59:15.227749
+1q,3.07623,2.93,3.26,2.92,21,0.0535,LOW,2025-12-31 16:59:15.227749
0y,12.25911,11.96,12.44775,11.99,29,0.0224,LOW,2025-12-31 16:59:15.227749
+1y,12.98351,12.55,13.77,12.25911,31,0.0591,LOW,2025-12-31 16:59:15.227749
0q,-0.41495,-1.42,0.3,-5.9,20,0.9297,BA,2025-12-31 16:59:18.710119
+1q,0.05813,-0.55,0.45,-0.49,12,1.1186,BA,2025-12-31 16:59:18.710119
0y,-9.62487,-10.62,-8.9,-20.38,23,0.5277,BA,2025-12-31 16:59:18.710119
+1y,2.33866,1.17,4.38,-9.62487,20,1.243,BA,2025-12-31 16:59:18.710119
0q,2.42625,2.10127,2.61,2.22,15,0.0929,MS,2025-12-31 16:59:22.187316
+1q,2.84157,2.62,3.05,2.6,12,0.0929,MS,2025-12-31 16:59:22.187316
0y,9.91514,9.62745,10.14,7.95,21,0.2472,MS,2025-12-31 16:59:22.187316
+1y,10.6076,9.54,11.5,9.91514,22,0.0698,MS,2025-12-31 16:59:22.187316
0q,1.37191,1.02,2.61,1.98,16,-0.3071,COP,2025-12-31 16:59:25.588143
+1q,1.42147,1.03,1.92,2.09,16,-0.3199,COP,2025-12-31 16:59:25.588143
0y,6.52373,6.17,7.53,7.79,21,-0.1626,COP,2025-12-31 16:59:25.588143
+1y,6.23023,4.51,10.03,6.52373,21,-0.045,COP,2025-12-31 16:59:25.588143
0q,4.27653,4.19,4.52,3.77,21,0.1344,SPGI,2025-12-31 16:59:29.110175
+1q,4.89584,4.78761,4.98,4.37,19,0.120299995,SPGI,2025-12-31 16:59:29.110175
0y,17.81102,17.72,18.05,15.7,23,0.1345,SPGI,2025-12-31 16:59:29.110175
+1y,19.82995,19.25299,20.2,17.81102,24,0.113400005,SPGI,2025-12-31 16:59:29.110175
0q,0.59433,0.494,0.664,0.69,28,-0.1387,SBUX,2025-12-31 16:59:32.355650
+1q,0.42002,0.28,0.51,0.41,28,0.024400001,SBUX,2025-12-31 16:59:32.355650
0y,2.37647,2.19,2.6135,2.13,34,0.1157,SBUX,2025-12-31 16:59:32.355650
+1y,3.00532,2.63,3.41,2.37647,32,0.26459998,SBUX,2025-12-31 16:59:32.355650
0q,4.64358,4.18,5.15,5.14,21,-0.096599996,CAT,2025-12-31 16:59:36.017222
+1q,4.44267,3.48,5.02,4.25,16,0.045300003,CAT,2025-12-31 16:59:36.017222
0y,18.65362,17.97,19.54,21.9,25,-0.14819999,CAT,2025-12-31 16:59:36.017222
+1y,22.34487,19.73,25.99,18.65362,27,0.19790001,CAT,2025-12-31 16:59:36.017222
0q,1.43475,1.22,1.65672,1.32,17,0.086899996,GE,2025-12-31 16:59:39.528463
+1q,1.60933,1.49,1.66619,1.49,11,0.0801,GE,2025-12-31 16:59:39.528463
0y,6.24025,6.02,6.45591,4.6,19,0.3566,GE,2025-12-31 16:59:39.528463
+1y,7.20893,6.59,7.62866,6.24025,19,0.1552,GE,2025-12-31 16:59:39.528463
0q,12.70728,12.28642,13.356,11.93,13,0.0652,BLK,2025-12-31 16:59:42.789466
+1q,12.35232,11.684,13.52,11.3,12,0.093100004,BLK,2025-12-31 16:59:42.789466
0y,47.67244,46.56,48.3,43.61,15,0.0932,BLK,2025-12-31 16:59:42.789466
+1y,53.7312,50.2,56.58,47.67244,16,0.1271,BLK,2025-12-31 16:59:42.789466
0q,1.31036,1.29,1.35,1.09,34,0.2022,AMD,2025-12-31 16:59:46.381337
+1q,1.19725,1.0,1.4,0.96,34,0.2471,AMD,2025-12-31 16:59:46.381337
0y,3.96535,3.86,4.18,3.31,44,0.198,AMD,2025-12-31 16:59:46.381337
+1y,6.45876,5.32,7.92,3.96535,43,0.62880003,AMD,2025-12-31 16:59:46.381337
0q,6.47543,4.85,6.8,7.71,13,-0.1601,LMT,2025-12-31 16:59:50.060849
+1q,7.12143,6.77,8.14,7.28,7,-0.0218,LMT,2025-12-31 16:59:50.060849
0y,22.22831,20.54,23.27,27.99,14,-0.2058,LMT,2025-12-31 16:59:50.060849
+1y,29.2131,26.05,31.36,22.22831,15,0.3142,LMT,2025-12-31 16:59:50.060849
0q,3.68727,3.61,3.92859,3.32,26,0.1106,INTU,2025-12-31 16:59:53.657361
+1q,12.96692,12.59,13.61,11.65,26,0.113000005,INTU,2025-12-31 16:59:53.657361
0y,23.19528,22.69557,24.50087,20.15,32,0.1511,INTU,2025-12-31 16:59:53.657361
+1y,26.39713,25.33,29.18798,23.19528,31,0.138,INTU,2025-12-31 16:59:53.657361
0q,3.56648,3.39,3.76,3.04,22,0.1732,AXP,2025-12-31 16:59:57.123944
+1q,4.00572,3.75,4.26,3.64,18,0.1005,AXP,2025-12-31 16:59:57.123944
0y,15.43392,15.24,15.61,14.01,25,0.1016,AXP,2025-12-31 16:59:57.123944
+1y,17.49009,16.33,18.93,15.43392,26,0.13319999,AXP,2025-12-31 16:59:57.123944
0q,2.24883,2.125,2.42,2.21,26,0.0176,ISRG,2025-12-31 17:00:00.857049
+1q,2.12194,2.02,2.25,1.81,22,0.1723,ISRG,2025-12-31 17:00:00.857049
0y,8.64171,8.35,8.82,7.34,30,0.17729999,ISRG,2025-12-31 17:00:00.857049
+1y,9.74821,8.93,11.23,8.64171,30,0.128,ISRG,2025-12-31 17:00:00.857049
0q,2.10786,1.6337,2.89,3.19,17,-0.3392,DE,2025-12-31 17:00:04.200575
+1q,5.59309,4.98254,7.21,6.64,17,-0.1577,DE,2025-12-31 17:00:04.200575
0y,16.6614,16.04,19.0,18.5,20,-0.0994,DE,2025-12-31 17:00:04.200575
+1y,22.71696,19.0,31.74469,16.6614,20,0.3634,DE,2025-12-31 17:00:04.200575
0q,0.68076,0.53922,0.91,1.37,6,-0.50310004,PLD,2025-12-31 17:00:07.728772
+1q,0.65964,0.58893,0.74,0.63,3,0.047,PLD,2025-12-31 17:00:07.728772
0y,2.6386,2.17503,2.99654,4.01,6,-0.342,PLD,2025-12-31 17:00:07.728772
+1y,2.88412,2.55949,3.22,2.6386,6,0.093,PLD,2025-12-31 17:00:07.728772
0q,11.53898,10.17,12.99,11.95,17,-0.0344,GS,2025-12-31 17:00:11.290899
+1q,14.96365,13.7,16.48,14.12,13,0.059699997,GS,2025-12-31 17:00:11.290899
0y,48.73808,46.61,50.41,40.54,22,0.2022,GS,2025-12-31 17:00:11.290899
+1y,55.29359,47.6,62.0,48.73808,22,0.1345,GS,2025-12-31 17:00:11.290899
0q,0.70019,0.66,0.72,0.65,17,0.077199996,MDLZ,2025-12-31 17:00:14.682076
+1q,0.78533,0.63,0.9,0.74,13,0.061300002,MDLZ,2025-12-31 17:00:14.682076
0y,2.89626,2.86,2.92,3.36,24,-0.138,MDLZ,2025-12-31 17:00:14.682076
+1y,3.14874,3.06,3.29,2.89626,25,0.0872,MDLZ,2025-12-31 17:00:14.682076
0q,1.37259,1.33,1.43,1.23,16,0.1159,TJX,2025-12-31 17:00:18.136509
+1q,1.01795,0.99572,1.06,0.92,10,0.1065,TJX,2025-12-31 17:00:18.136509
0y,4.67144,4.63,4.73,4.26,15,0.096599996,TJX,2025-12-31 17:00:18.136509
+1y,5.13628,5.02049,5.33,4.67144,17,0.0995,TJX,2025-12-31 17:00:18.136509
0q,1.97306,1.92,2.01,1.87,20,0.0551,MMC,2025-12-31 17:00:21.486296
+1q,3.23937,3.16,3.34,3.06,19,0.0586,MMC,2025-12-31 17:00:21.486296
0y,9.60684,9.5,9.71,8.8,22,0.0917,MMC,2025-12-31 17:00:21.486296
+1y,10.32307,10.0,10.52,9.60684,22,0.0746,MMC,2025-12-31 17:00:21.486296
0q,2.56158,2.33611,2.64,2.35,13,0.09,ADP,2025-12-31 17:00:25.060764
+1q,3.27173,2.9271,3.37,3.06,13,0.0692,ADP,2025-12-31 17:00:25.060764
0y,10.91427,10.67226,11.0,10.01,16,0.090299994,ADP,2025-12-31 17:00:25.060764
+1y,11.9453,11.41,12.4,10.91427,16,0.0945,ADP,2025-12-31 17:00:25.060764
0q,48.21801,43.76,53.37,41.55,24,0.16049999,BKNG,2025-12-31 17:00:28.476587
+1q,30.05433,25.7,34.59,24.81,17,0.21139999,BKNG,2025-12-31 17:00:28.476587
0y,228.48,220.02525,269.2,187.1,31,0.2212,BKNG,2025-12-31 17:00:28.476587
+1y,265.39246,240.69,282.30536,228.48,30,0.1616,BKNG,2025-12-31 17:00:28.476587
0q,4.39247,4.34,4.43,4.01,24,0.0954,SYK,2025-12-31 17:00:32.024529
+1q,3.06065,2.85,3.49,2.84,21,0.0777,SYK,2025-12-31 17:00:32.024529
0y,13.55216,13.46,13.60339,12.19,29,0.1117,SYK,2025-12-31 17:00:32.024529
+1y,14.94274,13.94,15.43,13.55216,28,0.1026,SYK,2025-12-31 17:00:32.024529
0q,1.88946,1.75,2.16,1.9,21,-0.0055,GILD,2025-12-31 17:00:35.332134
+1q,2.0275,1.85,2.19,1.81,8,0.12020001,GILD,2025-12-31 17:00:35.332134
0y,8.16126,8.05,8.43,4.62,28,0.7665,GILD,2025-12-31 17:00:35.332134
+1y,8.74513,6.38,9.95,8.16126,28,0.0715,GILD,2025-12-31 17:00:35.332134
0q,2.29435,2.14,2.39402,1.63,27,0.4076,ADI,2025-12-31 17:00:38.797681
+1q,2.42223,2.23,2.59494,1.85,26,0.3093,ADI,2025-12-31 17:00:38.797681
0y,9.8894,9.0,10.51782,7.79,30,0.26950002,ADI,2025-12-31 17:00:38.797681
+1y,11.23879,10.48,12.61465,9.8894,27,0.1364,ADI,2025-12-31 17:00:38.797681
0q,0.99072,0.93,1.04,1.19,23,-0.1675,CVS,2025-12-31 17:00:42.131672
+1q,2.25715,2.11,2.4719,2.25,19,0.0032,CVS,2025-12-31 17:00:42.131672
0y,6.65479,6.6,6.7,5.42,27,0.22780001,CVS,2025-12-31 17:00:42.131672
+1y,7.16607,6.91,7.5,6.65479,29,0.076799996,CVS,2025-12-31 17:00:42.131672
0q,10.70517,8.89,13.16,12.07,20,-0.11310001,REGN,2025-12-31 17:00:45.791489
+1q,10.47875,8.95,11.39,8.22,8,0.2748,REGN,2025-12-31 17:00:45.791489
0y,43.18065,39.78,45.85,45.62,26,-0.0535,REGN,2025-12-31 17:00:45.791489
+1y,38.73468,31.86,44.9,40.87578,10,-0.052399997,REGN,2025-12-31 17:00:45.791489
0q,7.88463,7.82,8.0,6.64,22,0.1874,CI,2025-12-31 17:00:49.219240
+1q,7.24361,6.51,7.86,6.74,17,0.0747,CI,2025-12-31 17:00:49.219240
0y,29.63723,29.53,29.78,27.33,24,0.0844,CI,2025-12-31 17:00:49.219240
+1y,30.46701,29.95605,32.82,29.63723,24,0.027999999,CI,2025-12-31 17:00:49.219240
0q,1.40147,1.38,1.43,1.4,16,0.0011,ZTS,2025-12-31 17:00:52.780456
+1q,1.57037,1.51,1.62,1.48,10,0.061100002,ZTS,2025-12-31 17:00:52.780456
0y,6.33944,6.31,6.38,5.92,20,0.0709,ZTS,2025-12-31 17:00:52.780456
+1y,6.77868,6.43,6.9653,6.33944,20,0.069299996,ZTS,2025-12-31 17:00:52.780456
0q,2.71839,2.54,2.894,2.52,12,0.0787,CME,2025-12-31 17:00:55.830741
+1q,2.90594,2.71,3.07,2.8,11,0.0378,CME,2025-12-31 17:00:55.830741
0y,11.16672,10.98,11.327,10.26,14,0.0884,CME,2025-12-31 17:00:55.830741
+1y,11.64976,11.13,12.24643,11.16672,15,0.0433,CME,2025-12-31 17:00:55.830741
0q,6.52802,5.76,7.19,6.02,20,0.0844,CB,2025-12-31 17:00:59.200439
+1q,6.55831,5.95,6.91,3.68,18,0.78209996,CB,2025-12-31 17:00:59.200439
0y,23.65115,21.26,24.5,22.51,24,0.0507,CB,2025-12-31 17:00:59.200439
+1y,26.24836,23.85,27.73,23.65115,24,0.109799996,CB,2025-12-31 17:00:59.200439
0q,1.51123,1.4,1.68221,1.66,13,-0.0896,DUK,2025-12-31 17:01:02.972819
+1q,1.70552,0.67,1.97,1.76,11,-0.031,DUK,2025-12-31 17:01:02.972819
0y,6.31161,6.25,6.40116,5.9,20,0.0698,DUK,2025-12-31 17:01:02.972819
+1y,6.69704,6.6,6.8,6.31161,22,0.061100002,DUK,2025-12-31 17:01:02.972819
0q,0.57169,0.51,0.67,0.5,11,0.1434,SO,2025-12-31 17:01:06.524421
+1q,1.27165,1.2,1.39,1.23,10,0.0339,SO,2025-12-31 17:01:06.524421
0y,4.28888,4.25,4.32,4.05,18,0.059,SO,2025-12-31 17:01:06.524421
+1y,4.57798,4.467,4.69,4.28888,21,0.0674,SO,2025-12-31 17:01:06.524421
0q,2.81111,2.79,2.85,3.43,9,-0.18040001,BDX,2025-12-31 17:01:09.890414
+1q,3.36889,3.27,3.64,3.35,9,0.0056,BDX,2025-12-31 17:01:09.890414
0y,14.94169,14.75,15.85,14.4,14,0.0376,BDX,2025-12-31 17:01:09.890414
+1y,15.87854,15.28,17.15,14.94169,15,0.0627,BDX,2025-12-31 17:01:09.890414
0q,4.16151,3.92,4.26328,3.77,18,0.1038,PNC,2025-12-31 17:01:13.451458
+1q,4.01133,3.64,4.26086,3.51,13,0.1428,PNC,2025-12-31 17:01:13.451458
0y,15.87206,15.39,16.06278,13.74,20,0.1552,PNC,2025-12-31 17:01:13.451458
+1y,17.67259,15.89,18.4,15.87206,20,0.113400005,PNC,2025-12-31 17:01:13.451458
0q,2.68778,2.63,2.73,2.54,13,0.0582,ITW,2025-12-31 17:01:16.920313
+1q,2.54663,2.47,2.64,2.38,9,0.07,ITW,2025-12-31 17:01:16.920313
0y,10.45743,10.4,10.5,11.71,15,-0.107,ITW,2025-12-31 17:01:16.920313
+1y,11.30153,10.95,12.19,10.45743,14,0.080699995,ITW,2025-12-31 17:01:16.920313
0q,2.30654,1.89,3.06,2.74,24,-0.1582,EOG,2025-12-31 17:01:20.347718
+1q,2.49296,1.79,3.41,2.87,21,-0.1314,EOG,2025-12-31 17:01:20.347718
0y,10.23476,9.8,10.91,11.62,28,-0.1192,EOG,2025-12-31 17:01:20.347718
+1y,10.51174,8.52567,14.47,10.23476,30,0.0271,EOG,2025-12-31 17:01:20.347718
0q,0.91483,0.89,0.94,0.91,16,0.0053,CL,2025-12-31 17:01:23.963685
+1q,0.94466,0.904,1.0,0.91,12,0.0381,CL,2025-12-31 17:01:23.963685
0y,3.65546,3.61249,3.69,3.6,19,0.0154,CL,2025-12-31 17:01:23.963685
+1y,3.83849,3.74555,3.97,3.65546,19,0.050100002,CL,2025-12-31 17:01:23.963685
0q,0.78105,0.77,0.81,0.7,27,0.1158,BSX,2025-12-31 17:01:27.347715
+1q,0.79558,0.75,0.85,0.75,21,0.0608,BSX,2025-12-31 17:01:27.347715
0y,3.03395,2.98,3.06,2.51,32,0.2087,BSX,2025-12-31 17:01:27.347715
+1y,3.46952,3.35,3.62,3.03395,32,0.1436,BSX,2025-12-31 17:01:27.347715
0q,6.95037,6.71,7.25853,6.39,18,0.0877,NOC,2025-12-31 17:01:30.774640
+1q,6.38541,5.9281,6.58,3.32,9,0.9233,NOC,2025-12-31 17:01:30.774640
0y,26.04714,25.72,26.366,26.08,21,-0.0013,NOC,2025-12-31 17:01:30.774640
+1y,28.8444,26.69,30.19,26.04714,21,0.1074,NOC,2025-12-31 17:01:30.774640
0q,1.31995,1.27,1.413,1.29,11,0.0232,MO,2025-12-31 17:01:34.648565
+1q,1.25582,1.23247,1.3,1.23,7,0.021,MO,2025-12-31 17:01:34.648565
0y,5.43733,5.41,5.45318,5.12,14,0.062,MO,2025-12-31 17:01:34.648565
+1y,5.58928,5.43,5.72894,5.43733,14,0.0279,MO,2025-12-31 17:01:34.648565
0q,3.35287,3.32,3.42,2.83,21,0.1848,ETN,2025-12-31 17:01:38.048356
+1q,3.07768,2.95,3.17,2.72,13,0.13149999,ETN,2025-12-31 17:01:38.048356
0y,12.09398,12.01,12.19058,10.8,25,0.119799994,ETN,2025-12-31 17:01:38.048356
+1y,13.68673,13.33,13.96,12.09398,23,0.1317,ETN,2025-12-31 17:01:38.048356
0q,3.03915,2.95,3.1,2.86,17,0.0626,APD,2025-12-31 17:01:41.432787
+1q,3.00774,2.82,3.09569,2.69,17,0.1181,APD,2025-12-31 17:01:41.432787
0y,12.90749,12.0,13.18,12.03,23,0.0729,APD,2025-12-31 17:01:41.432787
+1y,13.82424,12.94827,14.35,12.90749,22,0.071,APD,2025-12-31 17:01:41.432787
0q,1.17872,1.13,1.23,1.07,16,0.1016,USB,2025-12-31 17:01:44.778566
+1q,1.08318,1.03544,1.14,1.03,15,0.051599998,USB,2025-12-31 17:01:44.778566
0y,4.54482,4.49,4.59,3.98,20,0.1419,USB,2025-12-31 17:01:44.778566
+1y,4.89665,4.65,5.05,4.54482,20,0.0774,USB,2025-12-31 17:01:44.778566
0q,1.80547,1.75979,1.86881,1.68,14,0.0747,MMM,2025-12-31 17:01:48.117479
+1q,2.00269,1.94,2.05,1.88,7,0.0653,MMM,2025-12-31 17:01:48.117479
0y,8.03797,7.95061,8.12,7.3,17,0.1011,MMM,2025-12-31 17:01:48.117479
+1y,8.64425,8.4,8.98991,8.03797,17,0.0754,MMM,2025-12-31 17:01:48.117479
0q,2.14495,1.87,2.37,2.41,31,-0.11,TGT,2025-12-31 17:01:51.611042
+1q,1.48933,1.3,1.8,1.3,22,0.1456,TGT,2025-12-31 17:01:51.611042
0y,7.3128,7.0,7.96,8.86,35,-0.17459999,TGT,2025-12-31 17:01:51.611042
+1y,7.68257,6.03,8.35129,7.3128,37,0.0506,TGT,2025-12-31 17:01:51.611042
0q,0.4297,0.36798,0.46029,0.38,13,0.1308,CSX,2025-12-31 17:01:55.900780
+1q,0.41667,0.4,0.44,0.34,6,0.22549999,CSX,2025-12-31 17:01:55.900780
0y,1.60262,1.52459,1.65,1.79,12,-0.1047,CSX,2025-12-31 17:01:55.900780
+1y,1.89422,1.82,1.99695,1.60262,14,0.18200001,CSX,2025-12-31 17:01:55.900780
0q,1.69144,1.66357,1.75,1.39,24,0.2169,FIS,2025-12-31 17:01:59.241246
+1q,1.37097,1.28,1.55,1.21,21,0.133,FIS,2025-12-31 17:01:59.241246
0y,5.77367,5.74,5.95,5.46,28,0.0574,FIS,2025-12-31 17:01:59.241246
+1y,6.32603,6.12,6.77,5.77367,27,0.095699996,FIS,2025-12-31 17:01:59.241246
0q,2.16364,2.11,2.28,2.09,22,0.0352,SHW,2025-12-31 17:02:02.603423
+1q,2.38869,2.28,2.51748,2.25,15,0.0616,SHW,2025-12-31 17:02:02.603423
0y,11.37993,11.3,11.5,11.33,26,0.0044,SHW,2025-12-31 17:02:02.603423
+1y,12.5758,12.0,13.93,11.37993,27,0.105100006,SHW,2025-12-31 17:02:02.603423
0q,1.67438,1.61,1.76,1.52,12,0.1016,ICE,2025-12-31 17:02:06.067017
+1q,1.84249,1.77935,1.91,1.72,11,0.0712,ICE,2025-12-31 17:02:06.067017
0y,6.9184,6.86,7.01,6.07,14,0.1398,ICE,2025-12-31 17:02:06.067017
+1y,7.52341,7.18422,7.78,6.9184,14,0.0874,ICE,2025-12-31 17:02:06.067017
0q,4.77301,4.644,4.84,4.42,18,0.0799,AON,2025-12-31 17:02:09.543913
+1q,6.3844,6.269,6.63,5.67,16,0.126,AON,2025-12-31 17:02:09.543913
0y,16.99063,16.856,17.15,15.6,20,0.089099996,AON,2025-12-31 17:02:09.543913
+1y,19.0464,18.432,19.5,16.99063,21,0.12100001,AON,2025-12-31 17:02:09.543913
0q,3.37002,3.25,3.52,2.62,19,0.2863,MCO,2025-12-31 17:02:12.623628
+1q,4.21244,4.09,4.4,3.83,18,0.0999,MCO,2025-12-31 17:02:12.623628
0y,14.67868,14.56,14.91,12.47,22,0.17709999,MCO,2025-12-31 17:02:12.623628
+1y,16.33519,15.66,17.05,14.67868,23,0.1129,MCO,2025-12-31 17:02:12.623628
