quarter,epsActual,epsEstimate,epsDifference,surprisePercent,ticker,fetch_date
2024-12-31,2.4,2.34102,0.06,0.0252,AAPL,2025-12-31 16:56:16.479846
2025-03-31,1.65,1.62253,0.03,0.016900001,AAPL,2025-12-31 16:56:16.479846
2025-06-30,1.57,1.42572,0.14,0.1012,AAPL,2025-12-31 16:56:16.479846
2025-09-30,1.85,1.76993,0.08,0.0452,AAPL,2025-12-31 16:56:16.479846
2024-12-31,3.23,3.10403,0.13,0.040599998,MSFT,2025-12-31 16:56:22.491236
2025-03-31,3.46,3.21597,0.24,0.0759,MSFT,2025-12-31 16:56:22.491236
2025-06-30,3.65,3.37942,0.27,0.0801,MSFT,2025-12-31 16:56:22.491236
2025-09-30,3.72,3.66189,0.06,0.0159,MSFT,2025-12-31 16:56:22.491236
2024-12-31,2.15,2.12503,0.02,0.0117999995,GOOGL,2025-12-31 16:56:26.378888
2025-03-31,2.81,2.00576,0.8,0.401,GOOGL,2025-12-31 16:56:26.378888
2025-06-30,2.31,2.18615,0.12,0.056700002,GOOGL,2025-12-31 16:56:26.378888
2025-09-30,2.87,2.26199,0.61,0.2688,GOOGL,2025-12-31 16:56:26.378888
2024-12-31,1.86,1.48369,0.38,0.2536,AMZN,2025-12-31 16:56:30.161654
2025-03-31,1.59,1.358,0.23,0.1708,AMZN,2025-12-31 16:56:30.161654
2025-06-30,1.68,1.33192,0.35,0.2613,AMZN,2025-12-31 16:56:30.161654
2025-09-30,1.95,1.55757,0.39,0.252,AMZN,2025-12-31 16:56:30.161654
2025-01-31,0.89,0.84562,0.04,0.0525,NVDA,2025-12-31 16:56:33.966310
2025-04-30,0.81,0.74988,0.06,0.0802,NVDA,2025-12-31 16:56:33.966310
2025-07-31,1.05,1.00867,0.04,0.040999997,NVDA,2025-12-31 16:56:33.966310
2025-10-31,1.3,1.25647,0.04,0.0346,NVDA,2025-12-31 16:56:33.966310
2024-12-31,8.02,6.75838,1.26,0.1867,META,2025-12-31 16:56:38.046819
2025-03-31,6.43,5.22294,1.21,0.23110001,META,2025-12-31 16:56:38.046819
2025-06-30,7.14,5.90298,1.24,0.20959999,META,2025-12-31 16:56:38.046819
2025-09-30,1.05,6.70696,-5.66,-0.84339994,META,2025-12-31 16:56:38.046819
2024-12-31,0.73,0.76703,-0.04,-0.048299998,TSLA,2025-12-31 16:56:41.763550
2025-03-31,0.27,0.41468,-0.14,-0.3489,TSLA,2025-12-31 16:56:41.763550
2025-06-30,0.4,0.40391,-0.0,-0.0097,TSLA,2025-12-31 16:56:41.763550
2025-09-30,0.5,0.55885,-0.06,-0.105299994,TSLA,2025-12-31 16:56:41.763550
2024-12-31,6.7347,4.19114,2.54,0.6069,BRK-B,2025-12-31 16:56:45.527676
2025-03-31,4.4689,4.72227,-0.25,-0.0537,BRK-B,2025-12-31 16:56:45.527676
2025-06-30,5.173,5.03658,0.14,0.0271,BRK-B,2025-12-31 16:56:45.527676
2025-09-30,6.2508,5.73466,0.52,0.09,BRK-B,2025-12-31 16:56:45.527676
2024-12-31,6.81,6.73732,0.07,0.0108,UNH,2025-12-31 16:56:48.642291
2025-03-31,7.2,7.29358,-0.09,-0.0128,UNH,2025-12-31 16:56:48.642291
2025-06-30,4.08,4.44587,-0.37,-0.08229999,UNH,2025-12-31 16:56:48.642291
2025-09-30,2.92,2.80806,0.11,0.0399,UNH,2025-12-31 16:56:48.642291
2024-12-31,2.04,2.01223,0.03,0.0138,JNJ,2025-12-31 16:56:52.517876
2025-03-31,2.77,2.57953,0.19,0.0738,JNJ,2025-12-31 16:56:52.517876
2025-06-30,2.77,2.68396,0.09,0.0321,JNJ,2025-12-31 16:56:52.517876
2025-09-30,2.8,2.75894,0.04,0.0149,JNJ,2025-12-31 16:56:52.517876
2024-12-31,2.75,2.66105,0.09,0.0334,V,2025-12-31 16:56:57.097209
2025-03-31,2.76,2.67959,0.08,0.03,V,2025-12-31 16:56:57.097209
2025-06-30,2.98,2.84683,0.13,0.0468,V,2025-12-31 16:56:57.097209
2025-09-30,2.98,2.97176,0.01,0.0028,V,2025-12-31 16:56:57.097209
2024-12-31,1.67,1.54812,0.12,0.0787,XOM,2025-12-31 16:57:00.873466
2025-03-31,1.76,1.73988,0.02,0.0116,XOM,2025-12-31 16:57:00.873466
2025-06-30,1.64,1.56293,0.08,0.0493,XOM,2025-12-31 16:57:00.873466
2025-09-30,1.88,1.82466,0.06,0.030299999,XOM,2025-12-31 16:57:00.873466
2025-01-31,0.66,0.6468,0.01,0.020399999,WMT,2025-12-31 16:57:04.821548
2025-04-30,0.61,0.57746,0.03,0.056399997,WMT,2025-12-31 16:57:04.821548
2025-07-31,0.68,0.73887,-0.06,-0.0797,WMT,2025-12-31 16:57:04.821548
2025-10-31,0.62,0.60128,0.02,0.0311,WMT,2025-12-31 16:57:04.821548
2024-12-31,4.81,4.03604,0.77,0.1918,JPM,2025-12-31 16:57:08.504124
2025-03-31,5.07,4.64495,0.43,0.0915,JPM,2025-12-31 16:57:08.504124
2025-06-30,4.96,4.47307,0.49,0.1089,JPM,2025-12-31 16:57:08.504124
2025-09-30,5.07,4.87467,0.2,0.0401,JPM,2025-12-31 16:57:08.504124
2024-12-31,1.88,1.85958,0.02,0.011,PG,2025-12-31 16:57:12.265411
2025-03-31,1.54,1.5258,0.01,0.0093,PG,2025-12-31 16:57:12.265411
2025-06-30,1.48,1.42116,0.06,0.0414,PG,2025-12-31 16:57:12.265411
2025-09-30,1.99,1.89677,0.09,0.049200002,PG,2025-12-31 16:57:12.265411
2024-12-31,3.82,3.68943,0.13,0.0354,MA,2025-12-31 16:57:15.903550
2025-03-31,3.73,3.55917,0.17,0.048,MA,2025-12-31 16:57:15.903550
2025-06-30,4.15,4.02443,0.13,0.0312,MA,2025-12-31 16:57:15.903550
2025-09-30,4.38,4.31425,0.07,0.0152,MA,2025-12-31 16:57:15.903550
2025-01-31,3.02,3.04392,-0.02,-0.007900001,HD,2025-12-31 16:57:19.493265
2025-04-30,3.56,3.58912,-0.03,-0.0081,HD,2025-12-31 16:57:19.493265
2025-07-31,4.68,4.69448,-0.01,-0.0031,HD,2025-12-31 16:57:19.493265
2025-10-31,3.74,3.83395,-0.09,-0.024500001,HD,2025-12-31 16:57:19.493265
2024-12-31,2.06,2.10798,-0.05,-0.0228,CVX,2025-12-31 16:57:22.979662
2025-03-31,2.18,2.15182,0.03,0.013099999,CVX,2025-12-31 16:57:22.979662
2025-06-30,1.77,1.7402,0.03,0.0171,CVX,2025-12-31 16:57:22.979662
2025-09-30,1.85,1.70678,0.14,0.083900005,CVX,2025-12-31 16:57:22.979662
2024-12-31,1.72,1.66508,0.05,0.033,MRK,2025-12-31 16:57:26.778122
2025-03-31,2.22,2.13502,0.08,0.0398,MRK,2025-12-31 16:57:26.778122
2025-06-30,2.13,2.02777,0.1,0.0504,MRK,2025-12-31 16:57:26.778122
2025-09-30,2.58,2.34859,0.23,0.098500006,MRK,2025-12-31 16:57:26.778122
2024-12-31,2.16,2.11921,0.04,0.019199999,ABBV,2025-12-31 16:57:30.296249
2025-03-31,2.46,2.39709,0.06,0.026199998,ABBV,2025-12-31 16:57:30.296249
2025-06-30,2.97,2.90783,0.06,0.0214,ABBV,2025-12-31 16:57:30.296249
2025-09-30,1.86,1.78451,0.08,0.0423,ABBV,2025-12-31 16:57:30.296249
2024-12-31,5.32,5.06683,0.25,0.05,LLY,2025-12-31 16:57:33.844406
2025-03-31,3.34,3.5432,-0.2,-0.0573,LLY,2025-12-31 16:57:33.844406
2025-06-30,6.31,5.58943,0.72,0.1289,LLY,2025-12-31 16:57:33.844406
2025-09-30,7.02,5.89164,1.13,0.1915,LLY,2025-12-31 16:57:33.844406
2025-01-31,1.6,1.50781,0.09,0.061100002,AVGO,2025-12-31 16:57:37.305900
2025-04-30,1.58,1.5708,0.01,0.0058999998,AVGO,2025-12-31 16:57:37.305900
2025-07-31,1.69,1.66338,0.03,0.016,AVGO,2025-12-31 16:57:37.305900
2025-10-31,1.95,1.87006,0.08,0.0427,AVGO,2025-12-31 16:57:37.305900
2024-12-31,0.55,0.51701,0.03,0.0638,KO,2025-12-31 16:57:41.000667
2025-03-31,0.73,0.71607,0.01,0.0195,KO,2025-12-31 16:57:41.000667
2025-06-30,0.87,0.83708,0.03,0.039300002,KO,2025-12-31 16:57:41.000667
2025-09-30,0.82,0.77857,0.04,0.053200003,KO,2025-12-31 16:57:41.000667
2024-12-31,1.96,1.94261,0.02,0.009,PEP,2025-12-31 16:57:44.406410
2025-03-31,1.48,1.49142,-0.01,-0.0077,PEP,2025-12-31 16:57:44.406410
2025-06-30,2.12,2.02904,0.09,0.0448,PEP,2025-12-31 16:57:44.406410
2025-09-30,2.29,2.25996,0.03,0.013300001,PEP,2025-12-31 16:57:44.406410
2025-02-28,4.02,4.0987,-0.08,-0.019199999,COST,2025-12-31 16:57:47.971431
2025-05-31,4.28,4.22822,0.05,0.012200001,COST,2025-12-31 16:57:47.971431
2025-08-31,5.87,5.80573,0.06,0.0111,COST,2025-12-31 16:57:47.971431
2025-11-30,4.5,4.27792,0.22,0.0519,COST,2025-12-31 16:57:47.971431
2025-02-28,5.08,4.97227,0.11,0.0217,ADBE,2025-12-31 16:57:51.565250
2025-05-31,5.06,4.97475,0.09,0.0171,ADBE,2025-12-31 16:57:51.565250
2025-08-31,5.31,5.18163,0.13,0.0248,ADBE,2025-12-31 16:57:51.565250
2025-11-30,5.5,5.39763,0.1,0.019,ADBE,2025-12-31 16:57:51.565250
2024-12-31,6.1,5.94172,0.16,0.026600001,TMO,2025-12-31 16:57:55.173743
2025-03-31,5.15,5.10201,0.05,0.0094,TMO,2025-12-31 16:57:55.173743
2025-06-30,5.36,5.22693,0.13,0.0255,TMO,2025-12-31 16:57:55.173743
2025-09-30,5.79,5.49776,0.29,0.053200003,TMO,2025-12-31 16:57:55.173743
2024-12-31,2.83,2.85785,-0.03,-0.0097,MCD,2025-12-31 16:57:58.537371
2025-03-31,2.67,2.67058,-0.0,-0.0002,MCD,2025-12-31 16:57:58.537371
2025-06-30,3.19,3.14621,0.04,0.0139,MCD,2025-12-31 16:57:58.537371
2025-09-30,3.22,3.33195,-0.11,-0.0336,MCD,2025-12-31 16:57:58.537371
2025-01-31,0.94,0.909,0.03,0.0341,CSCO,2025-12-31 16:58:02.079073
2025-04-30,0.96,0.9174,0.04,0.0464,CSCO,2025-12-31 16:58:02.079073
2025-07-31,0.99,0.97731,0.01,0.012999999,CSCO,2025-12-31 16:58:02.079073
2025-10-31,1.0,0.98216,0.02,0.0182,CSCO,2025-12-31 16:58:02.079073
2025-02-28,2.82,2.81294,0.01,0.0025,ACN,2025-12-31 16:58:05.797596
2025-05-31,3.49,3.32298,0.17,0.050300002,ACN,2025-12-31 16:58:05.797596
2025-08-31,3.03,2.97151,0.06,0.0197,ACN,2025-12-31 16:58:05.797596
2025-11-30,3.94,3.7217,0.22,0.0587,ACN,2025-12-31 16:58:05.797596
2024-12-31,1.34,1.34226,-0.0,-0.0017,ABT,2025-12-31 16:58:09.230924
2025-03-31,1.09,1.07133,0.02,0.0174,ABT,2025-12-31 16:58:09.230924
2025-06-30,1.26,1.25652,0.0,0.0028,ABT,2025-12-31 16:58:09.230924
2025-09-30,1.3,1.29938,0.0,0.0005,ABT,2025-12-31 16:58:09.230924
2025-02-28,0.54,0.27711,0.26,0.9487,NKE,2025-12-31 16:58:12.759364
2025-05-31,0.14,0.12337,0.02,0.1348,NKE,2025-12-31 16:58:12.759364
2025-08-31,0.49,0.2656,0.22,0.84489995,NKE,2025-12-31 16:58:12.759364
2025-11-30,0.53,0.37351,0.16,0.41900003,NKE,2025-12-31 16:58:12.759364
2024-12-31,2.14,2.1643,-0.02,-0.0112,DHR,2025-12-31 16:58:16.328246
2025-03-31,1.88,1.64364,0.24,0.1438,DHR,2025-12-31 16:58:16.328246
2025-06-30,1.8,1.64398,0.16,0.0949,DHR,2025-12-31 16:58:16.328246
2025-09-30,1.89,1.72163,0.17,0.097799994,DHR,2025-12-31 16:58:16.328246
2024-12-31,1.1,1.09647,0.0,0.0032,VZ,2025-12-31 16:58:19.782354
2025-03-31,1.19,1.14798,0.04,0.0366,VZ,2025-12-31 16:58:19.782354
2025-06-30,1.22,1.18925,0.03,0.025899999,VZ,2025-12-31 16:58:19.782354
2025-09-30,1.21,1.19174,0.02,0.0153,VZ,2025-12-31 16:58:19.782354
2024-12-31,0.13,0.11958,0.01,0.0871,INTC,2025-12-31 16:58:22.998383
2025-03-31,0.13,0.00453,0.13,27.6976,INTC,2025-12-31 16:58:22.998383
2025-06-30,-0.1,0.00847,-0.11,-12.8064,INTC,2025-12-31 16:58:22.998383
2025-09-30,0.23,0.00714,0.22,31.2129,INTC,2025-12-31 16:58:22.998383
2025-01-31,2.78,2.61211,0.17,0.0643,CRM,2025-12-31 16:58:26.498676
2025-04-30,2.58,2.54652,0.03,0.013099999,CRM,2025-12-31 16:58:26.498676
2025-07-31,2.91,2.77924,0.13,0.047,CRM,2025-12-31 16:58:26.498676
2025-10-31,3.25,2.86171,0.39,0.1357,CRM,2025-12-31 16:58:26.498676
2025-02-28,1.47,1.49012,-0.02,-0.0135,ORCL,2025-12-31 16:58:29.864898
2025-05-31,1.7,1.64453,0.06,0.0337,ORCL,2025-12-31 16:58:29.864898
2025-08-31,1.47,1.47912,-0.01,-0.0062,ORCL,2025-12-31 16:58:29.864898
2025-11-30,2.26,1.6372,0.62,0.3804,ORCL,2025-12-31 16:58:29.864898
2024-12-31,1.43,1.35602,0.07,0.0546,WFC,2025-12-31 16:58:33.282659
2025-03-31,1.39,1.2267,0.16,0.1331,WFC,2025-12-31 16:58:33.282659
2025-06-30,1.6,1.4085,0.19,0.136,WFC,2025-12-31 16:58:33.282659
2025-09-30,1.66,1.54521,0.11,0.0743,WFC,2025-12-31 16:58:33.282659
2024-12-31,1.3,1.20053,0.1,0.0829,TXN,2025-12-31 16:58:38.769169
2025-03-31,1.28,1.06477,0.22,0.2021,TXN,2025-12-31 16:58:38.769169
2025-06-30,1.41,1.33258,0.08,0.0581,TXN,2025-12-31 16:58:38.769169
2025-09-30,1.48,1.4859,-0.01,-0.004,TXN,2025-12-31 16:58:38.769169
2024-12-31,1.55,1.49881,0.05,0.0342,PM,2025-12-31 16:58:43.079439
2025-03-31,1.69,1.61275,0.08,0.0479,PM,2025-12-31 16:58:43.079439
2025-06-30,1.91,1.85806,0.05,0.027999999,PM,2025-12-31 16:58:43.079439
2025-09-30,2.24,2.09578,0.14,0.0688,PM,2025-12-31 16:58:43.079439
2024-12-31,0.53,0.52584,0.0,0.007900001,NEE,2025-12-31 16:58:47.219335
2025-03-31,0.99,0.9784,0.01,0.0119,NEE,2025-12-31 16:58:47.219335
2025-06-30,1.05,1.00953,0.04,0.0401,NEE,2025-12-31 16:58:47.219335
2025-09-30,1.13,1.02155,0.11,0.1062,NEE,2025-12-31 16:58:47.219335
2024-12-31,2.75,2.53215,0.22,0.086,UPS,2025-12-31 16:58:50.456328
2025-03-31,1.49,1.38078,0.11,0.0791,UPS,2025-12-31 16:58:50.456328
2025-06-30,1.55,1.56596,-0.02,-0.010199999,UPS,2025-12-31 16:58:50.456328
2025-09-30,1.74,1.29913,0.44,0.3394,UPS,2025-12-31 16:58:50.456328
2024-12-31,1.67,1.46754,0.2,0.138,BMY,2025-12-31 16:58:54.133087
2025-03-31,1.8,1.50145,0.3,0.1988,BMY,2025-12-31 16:58:54.133087
2025-06-30,1.46,1.10106,0.36,0.32599998,BMY,2025-12-31 16:58:54.133087
2025-09-30,1.63,1.51554,0.11,0.075500004,BMY,2025-12-31 16:58:54.133087
2024-12-31,1.54,1.37741,0.16,0.118,RTX,2025-12-31 16:58:57.646366
2025-03-31,1.47,1.36716,0.1,0.0752,RTX,2025-12-31 16:58:57.646366
2025-06-30,1.56,1.42508,0.13,0.0947,RTX,2025-12-31 16:58:57.646366
2025-09-30,1.7,1.40911,0.29,0.20639999,RTX,2025-12-31 16:58:57.646366
2024-12-31,2.47,2.34617,0.12,0.052800003,HON,2025-12-31 16:59:01.209092
2025-03-31,2.51,2.20882,0.3,0.1364,HON,2025-12-31 16:59:01.209092
2025-06-30,2.75,2.65888,0.09,0.0343,HON,2025-12-31 16:59:01.209092
2025-09-30,2.82,2.5667,0.25,0.0987,HON,2025-12-31 16:59:01.209092
2024-12-31,2.91,2.78732,0.12,0.044,UNP,2025-12-31 16:59:04.705104
2025-03-31,2.7,2.7393,-0.04,-0.0143,UNP,2025-12-31 16:59:04.705104
2025-06-30,3.15,2.90842,0.24,0.083100006,UNP,2025-12-31 16:59:04.705104
2025-09-30,3.01,2.9762,0.03,0.0114,UNP,2025-12-31 16:59:04.705104
2024-12-31,3.41,2.98586,0.42,0.142,QCOM,2025-12-31 16:59:08.251408
2025-03-31,2.85,2.81657,0.03,0.0119,QCOM,2025-12-31 16:59:08.251408
2025-06-30,2.77,2.71433,0.06,0.020499999,QCOM,2025-12-31 16:59:08.251408
2025-09-30,3.0,2.87578,0.12,0.0432,QCOM,2025-12-31 16:59:08.251408
2024-12-31,5.31,5.07503,0.23,0.0463,AMGN,2025-12-31 16:59:11.722315
2025-03-31,4.9,4.26067,0.64,0.15010001,AMGN,2025-12-31 16:59:11.722315
2025-06-30,6.02,5.2768,0.74,0.1408,AMGN,2025-12-31 16:59:11.722315
2025-09-30,5.64,5.01464,0.63,0.1247,AMGN,2025-12-31 16:59:11.722315
2025-01-31,1.93,1.84094,0.09,0.0484,LOW,2025-12-31 16:59:15.227749
2025-04-30,2.92,2.87961,0.04,0.0139999995,LOW,2025-12-31 16:59:15.227749
2025-07-31,4.33,4.23777,0.09,0.0218,LOW,2025-12-31 16:59:15.227749
2025-10-31,3.06,2.9534,0.11,0.0361,LOW,2025-12-31 16:59:15.227749
2024-12-31,-5.9,-3.77967,-2.12,-0.561,BA,2025-12-31 16:59:18.710119
2025-03-31,-0.49,-1.30299,0.81,0.6239,BA,2025-12-31 16:59:18.710119
2025-06-30,-1.24,-1.26982,0.03,0.0235,BA,2025-12-31 16:59:18.710119
2025-09-30,-7.47,-2.37563,-5.09,-2.1444001,BA,2025-12-31 16:59:18.710119
2024-12-31,2.22,1.68953,0.53,0.314,MS,2025-12-31 16:59:22.187316
2025-03-31,2.6,2.19245,0.41,0.1859,MS,2025-12-31 16:59:22.187316
2025-06-30,2.13,1.96158,0.17,0.0859,MS,2025-12-31 16:59:22.187316
2025-09-30,2.8,2.11118,0.69,0.32630002,MS,2025-12-31 16:59:22.187316
2024-12-31,1.98,1.83466,0.15,0.0792,COP,2025-12-31 16:59:25.588143
2025-03-31,2.09,2.04948,0.04,0.0198,COP,2025-12-31 16:59:25.588143
2025-06-30,1.42,1.35615,0.06,0.0471,COP,2025-12-31 16:59:25.588143
2025-09-30,1.61,1.41164,0.2,0.14050001,COP,2025-12-31 16:59:25.588143
2024-12-31,3.77,3.47208,0.3,0.0858,SPGI,2025-12-31 16:59:29.110175
2025-03-31,4.37,4.20577,0.16,0.039,SPGI,2025-12-31 16:59:29.110175
2025-06-30,4.43,4.22393,0.21,0.048800003,SPGI,2025-12-31 16:59:29.110175
2025-09-30,4.73,4.40892,0.32,0.0728,SPGI,2025-12-31 16:59:29.110175
2024-12-31,0.69,0.66695,0.02,0.0346,SBUX,2025-12-31 16:59:32.355650
2025-03-31,0.41,0.48368,-0.07,-0.1523,SBUX,2025-12-31 16:59:32.355650
2025-06-30,0.5,0.64511,-0.15,-0.22489999,SBUX,2025-12-31 16:59:32.355650
2025-09-30,0.52,0.55621,-0.04,-0.0651,SBUX,2025-12-31 16:59:32.355650
2024-12-31,5.14,5.02704,0.11,0.0225,CAT,2025-12-31 16:59:36.017222
2025-03-31,4.25,4.34495,-0.09,-0.0219,CAT,2025-12-31 16:59:36.017222
2025-06-30,4.72,4.90312,-0.18,-0.0373,CAT,2025-12-31 16:59:36.017222
2025-09-30,4.95,4.52334,0.43,0.0943,CAT,2025-12-31 16:59:36.017222
2024-12-31,1.32,1.04016,0.28,0.269,GE,2025-12-31 16:59:39.528463
2025-03-31,1.49,1.26802,0.22,0.1751,GE,2025-12-31 16:59:39.528463
2025-06-30,1.66,1.43135,0.23,0.1597,GE,2025-12-31 16:59:39.528463
2025-09-30,1.66,1.46885,0.19,0.1301,GE,2025-12-31 16:59:39.528463
2024-12-31,11.93,11.21682,0.71,0.0636,BLK,2025-12-31 16:59:42.789466
2025-03-31,11.3,10.1263,1.17,0.1159,BLK,2025-12-31 16:59:42.789466
2025-06-30,12.05,10.80987,1.24,0.114700004,BLK,2025-12-31 16:59:42.789466
2025-09-30,11.55,11.33852,0.21,0.0187,BLK,2025-12-31 16:59:42.789466
2024-12-31,1.09,1.08606,0.0,0.0036000002,AMD,2025-12-31 16:59:46.381337
2025-03-31,0.96,0.93359,0.03,0.028299998,AMD,2025-12-31 16:59:46.381337
2025-06-30,0.48,0.48264,-0.0,-0.0055,AMD,2025-12-31 16:59:46.381337
2025-09-30,1.2,1.171,0.03,0.0248,AMD,2025-12-31 16:59:46.381337
2024-12-31,7.71,6.6202,1.09,0.16459998,LMT,2025-12-31 16:59:50.060849
2025-03-31,7.28,6.32333,0.96,0.1513,LMT,2025-12-31 16:59:50.060849
2025-06-30,1.46,6.46506,-5.01,-0.77419996,LMT,2025-12-31 16:59:50.060849
2025-09-30,6.95,6.34996,0.6,0.0945,LMT,2025-12-31 16:59:50.060849
2025-01-31,3.32,2.57503,0.74,0.2893,INTU,2025-12-31 16:59:53.657361
2025-04-30,11.65,10.91125,0.74,0.0677,INTU,2025-12-31 16:59:53.657361
2025-07-31,2.75,2.65949,0.09,0.034,INTU,2025-12-31 16:59:53.657361
2025-10-31,3.34,3.09288,0.25,0.0799,INTU,2025-12-31 16:59:53.657361
2024-12-31,3.04,3.03475,0.01,0.0017,AXP,2025-12-31 16:59:57.123944
2025-03-31,3.64,3.47342,0.17,0.048,AXP,2025-12-31 16:59:57.123944
2025-06-30,4.08,3.88235,0.2,0.0509,AXP,2025-12-31 16:59:57.123944
2025-09-30,4.14,3.99559,0.14,0.0361,AXP,2025-12-31 16:59:57.123944
2024-12-31,2.21,1.78616,0.42,0.2373,ISRG,2025-12-31 17:00:00.857049
2025-03-31,1.81,1.73347,0.08,0.044099998,ISRG,2025-12-31 17:00:00.857049
2025-06-30,2.19,1.91968,0.27,0.1408,ISRG,2025-12-31 17:00:00.857049
2025-09-30,2.4,1.98832,0.41,0.207,ISRG,2025-12-31 17:00:00.857049
2025-01-31,3.19,3.24894,-0.06,-0.018099999,DE,2025-12-31 17:00:04.200575
2025-04-30,6.64,5.63872,1.0,0.1776,DE,2025-12-31 17:00:04.200575
2025-07-31,4.75,4.66126,0.09,0.019,DE,2025-12-31 17:00:04.200575
2025-10-31,3.93,3.83411,0.1,0.025,DE,2025-12-31 17:00:04.200575
2024-12-31,1.37,0.68223,0.69,1.0081,PLD,2025-12-31 17:00:07.728772
2025-03-31,0.63,0.62706,0.0,0.0047,PLD,2025-12-31 17:00:07.728772
2025-06-30,0.61,0.73161,-0.12,-0.16620001,PLD,2025-12-31 17:00:07.728772
2025-09-30,0.82,0.73276,0.09,0.1191,PLD,2025-12-31 17:00:07.728772
2024-12-31,11.95,8.35083,3.6,0.431,GS,2025-12-31 17:00:11.290899
2025-03-31,14.12,12.2613,1.86,0.1516,GS,2025-12-31 17:00:11.290899
2025-06-30,10.91,9.66225,1.25,0.1291,GS,2025-12-31 17:00:11.290899
2025-09-30,12.25,11.08738,1.16,0.104899995,GS,2025-12-31 17:00:11.290899
2024-12-31,0.65,0.65352,-0.0,-0.0054,MDLZ,2025-12-31 17:00:14.682076
2025-03-31,0.74,0.65929,0.08,0.1224,MDLZ,2025-12-31 17:00:14.682076
2025-06-30,0.73,0.67674,0.05,0.0787,MDLZ,2025-12-31 17:00:14.682076
2025-09-30,0.73,0.70914,0.02,0.0294,MDLZ,2025-12-31 17:00:14.682076
2025-01-31,1.23,1.16797,0.06,0.0531,TJX,2025-12-31 17:00:18.136509
2025-04-30,0.92,0.91279,0.01,0.007900001,TJX,2025-12-31 17:00:18.136509
2025-07-31,1.1,1.01428,0.09,0.0845,TJX,2025-12-31 17:00:18.136509
2025-10-31,1.28,1.21962,0.06,0.0495,TJX,2025-12-31 17:00:18.136509
2024-12-31,1.87,1.76371,0.11,0.060300004,MMC,2025-12-31 17:00:21.486296
2025-03-31,3.06,2.99779,0.06,0.0208,MMC,2025-12-31 17:00:21.486296
2025-06-30,2.72,2.66388,0.06,0.0211,MMC,2025-12-31 17:00:21.486296
2025-09-30,1.85,1.77763,0.07,0.040700004,MMC,2025-12-31 17:00:21.486296
2024-12-31,2.35,2.29548,0.05,0.0238,ADP,2025-12-31 17:00:25.060764
2025-03-31,3.06,2.973,0.09,0.0293,ADP,2025-12-31 17:00:25.060764
2025-06-30,2.26,2.22652,0.03,0.015,ADP,2025-12-31 17:00:25.060764
2025-09-30,2.49,2.44263,0.05,0.0194,ADP,2025-12-31 17:00:25.060764
2024-12-31,41.55,36.05373,5.5,0.1524,BKNG,2025-12-31 17:00:28.476587
2025-03-31,24.81,17.5668,7.24,0.4123,BKNG,2025-12-31 17:00:28.476587
2025-06-30,55.4,50.39555,5.0,0.099300005,BKNG,2025-12-31 17:00:28.476587
2025-09-30,99.5,95.9174,3.58,0.0374,BKNG,2025-12-31 17:00:28.476587
2024-12-31,4.01,3.87472,0.14,0.0349,SYK,2025-12-31 17:00:32.024529
2025-03-31,2.84,2.73051,0.11,0.0401,SYK,2025-12-31 17:00:32.024529
2025-06-30,3.13,3.07025,0.06,0.0195,SYK,2025-12-31 17:00:32.024529
2025-09-30,3.19,3.13154,0.06,0.0187,SYK,2025-12-31 17:00:32.024529
2024-12-31,1.9,1.70046,0.2,0.1173,GILD,2025-12-31 17:00:35.332134
2025-03-31,1.81,1.77562,0.03,0.0194,GILD,2025-12-31 17:00:35.332134
2025-06-30,2.01,1.95679,0.05,0.0272,GILD,2025-12-31 17:00:35.332134
2025-09-30,2.47,2.13529,0.33,0.1568,GILD,2025-12-31 17:00:35.332134
2025-01-31,1.63,1.54353,0.09,0.055999998,ADI,2025-12-31 17:00:38.797681
2025-04-30,1.85,1.69147,0.16,0.0937,ADI,2025-12-31 17:00:38.797681
2025-07-31,2.05,1.94629,0.1,0.0533,ADI,2025-12-31 17:00:38.797681
2025-10-31,2.26,2.2348,0.03,0.0113,ADI,2025-12-31 17:00:38.797681
2024-12-31,1.19,0.91846,0.27,0.2956,CVS,2025-12-31 17:00:42.131672
2025-03-31,2.25,1.67298,0.58,0.3449,CVS,2025-12-31 17:00:42.131672
2025-06-30,1.81,1.4614,0.35,0.2385,CVS,2025-12-31 17:00:42.131672
2025-09-30,1.6,1.35668,0.24,0.17930001,CVS,2025-12-31 17:00:42.131672
2024-12-31,12.07,11.19475,0.88,0.078200005,REGN,2025-12-31 17:00:45.791489
2025-03-31,8.22,8.47656,-0.26,-0.030299999,REGN,2025-12-31 17:00:45.791489
2025-06-30,12.89,8.44013,4.45,0.5272,REGN,2025-12-31 17:00:45.791489
2025-09-30,11.83,9.64458,2.19,0.22659999,REGN,2025-12-31 17:00:45.791489
2024-12-31,6.64,7.82078,-1.18,-0.15100001,CI,2025-12-31 17:00:49.219240
2025-03-31,6.74,6.34841,0.39,0.0617,CI,2025-12-31 17:00:49.219240
2025-06-30,7.2,7.15372,0.05,0.0064999997,CI,2025-12-31 17:00:49.219240
2025-09-30,7.83,7.64116,0.19,0.0247,CI,2025-12-31 17:00:49.219240
2024-12-31,1.4,1.36128,0.04,0.028399998,ZTS,2025-12-31 17:00:52.780456
2025-03-31,1.48,1.39902,0.08,0.0579,ZTS,2025-12-31 17:00:52.780456
2025-06-30,1.76,1.61239,0.15,0.0915,ZTS,2025-12-31 17:00:52.780456
2025-09-30,1.7,1.6216,0.08,0.048299998,ZTS,2025-12-31 17:00:52.780456
2024-12-31,2.52,2.44539,0.07,0.0305,CME,2025-12-31 17:00:55.830741
2025-03-31,2.8,2.80865,-0.01,-0.0031,CME,2025-12-31 17:00:55.830741
2025-06-30,2.96,2.94105,0.02,0.0064,CME,2025-12-31 17:00:55.830741
2025-09-30,2.68,2.62798,0.05,0.0198,CME,2025-12-31 17:00:55.830741
2024-12-31,6.02,5.44997,0.57,0.1046,CB,2025-12-31 17:00:59.200439
2025-03-31,3.68,3.22817,0.45,0.14,CB,2025-12-31 17:00:59.200439
2025-06-30,6.14,5.96979,0.17,0.028499998,CB,2025-12-31 17:00:59.200439
2025-09-30,7.49,6.15549,1.33,0.2168,CB,2025-12-31 17:00:59.200439
2024-12-31,1.66,1.64824,0.01,0.0070999996,DUK,2025-12-31 17:01:02.972819
2025-03-31,1.76,1.58785,0.17,0.1084,DUK,2025-12-31 17:01:02.972819
2025-06-30,1.25,1.17462,0.08,0.0642,DUK,2025-12-31 17:01:02.972819
2025-09-30,1.81,1.74959,0.06,0.0345,DUK,2025-12-31 17:01:02.972819
2024-12-31,0.5,0.50865,-0.01,-0.017,SO,2025-12-31 17:01:06.524421
2025-03-31,1.23,1.19398,0.04,0.030199999,SO,2025-12-31 17:01:06.524421
2025-06-30,0.92,0.87912,0.04,0.0465,SO,2025-12-31 17:01:06.524421
2025-09-30,1.6,1.50886,0.09,0.060399998,SO,2025-12-31 17:01:06.524421
2024-12-31,3.43,2.98945,0.44,0.14739999,BDX,2025-12-31 17:01:09.890414
2025-03-31,3.35,3.28051,0.07,0.0212,BDX,2025-12-31 17:01:09.890414
2025-06-30,3.68,3.4023,0.28,0.081599995,BDX,2025-12-31 17:01:09.890414
2025-09-30,3.96,3.91498,0.05,0.0115,BDX,2025-12-31 17:01:09.890414
2024-12-31,3.77,3.34678,0.42,0.1265,PNC,2025-12-31 17:01:13.451458
2025-03-31,3.51,3.37653,0.13,0.0395,PNC,2025-12-31 17:01:13.451458
2025-06-30,3.85,3.54915,0.3,0.0848,PNC,2025-12-31 17:01:13.451458
2025-09-30,4.35,4.04349,0.31,0.0758,PNC,2025-12-31 17:01:13.451458
2024-12-31,2.54,2.49356,0.05,0.0186,ITW,2025-12-31 17:01:16.920313
2025-03-31,2.38,2.35309,0.03,0.0114,ITW,2025-12-31 17:01:16.920313
2025-06-30,2.58,2.56653,0.01,0.0052,ITW,2025-12-31 17:01:16.920313
2025-09-30,2.81,2.7031,0.11,0.0395,ITW,2025-12-31 17:01:16.920313
2024-12-31,2.74,2.5658,0.17,0.0679,EOG,2025-12-31 17:01:20.347718
2025-03-31,2.87,2.7719,0.1,0.0354,EOG,2025-12-31 17:01:20.347718
2025-06-30,2.32,2.20468,0.12,0.0523,EOG,2025-12-31 17:01:20.347718
2025-09-30,2.71,2.44642,0.26,0.107700005,EOG,2025-12-31 17:01:20.347718
2024-12-31,0.91,0.88937,0.02,0.0232,CL,2025-12-31 17:01:23.963685
2025-03-31,0.91,0.85755,0.05,0.0612,CL,2025-12-31 17:01:23.963685
2025-06-30,0.92,0.89489,0.03,0.028099999,CL,2025-12-31 17:01:23.963685
2025-09-30,0.91,0.88898,0.02,0.023599999,CL,2025-12-31 17:01:23.963685
2024-12-31,0.7,0.65685,0.04,0.0657,BSX,2025-12-31 17:01:27.347715
2025-03-31,0.75,0.67251,0.08,0.115200005,BSX,2025-12-31 17:01:27.347715
2025-06-30,0.75,0.72522,0.02,0.0342,BSX,2025-12-31 17:01:27.347715
2025-09-30,0.75,0.71366,0.04,0.0509,BSX,2025-12-31 17:01:27.347715
2024-12-31,6.39,6.34521,0.04,0.0070999996,NOC,2025-12-31 17:01:30.774640
2025-03-31,3.32,6.26313,-2.94,-0.4699,NOC,2025-12-31 17:01:30.774640
2025-06-30,8.15,6.79539,1.35,0.1993,NOC,2025-12-31 17:01:30.774640
2025-09-30,7.67,6.45536,1.21,0.1882,NOC,2025-12-31 17:01:30.774640
2024-12-31,1.29,1.27919,0.01,0.0085,MO,2025-12-31 17:01:34.648565
2025-03-31,1.23,1.18813,0.04,0.0352,MO,2025-12-31 17:01:34.648565
2025-06-30,1.44,1.3848,0.06,0.0399,MO,2025-12-31 17:01:34.648565
2025-09-30,1.45,1.44818,0.0,0.0013,MO,2025-12-31 17:01:34.648565
2024-12-31,2.83,2.80985,0.02,0.0072000003,ETN,2025-12-31 17:01:38.048356
2025-03-31,2.72,2.70502,0.01,0.0055,ETN,2025-12-31 17:01:38.048356
2025-06-30,2.95,2.92238,0.03,0.0095,ETN,2025-12-31 17:01:38.048356
2025-09-30,3.07,3.05448,0.02,0.0050999997,ETN,2025-12-31 17:01:38.048356
2024-12-31,2.86,2.84087,0.02,0.0067000003,APD,2025-12-31 17:01:41.432787
2025-03-31,2.69,2.82737,-0.14,-0.048600003,APD,2025-12-31 17:01:41.432787
2025-06-30,3.09,2.99319,0.1,0.0323,APD,2025-12-31 17:01:41.432787
2025-09-30,3.39,3.38241,0.01,0.0022,APD,2025-12-31 17:01:41.432787
2024-12-31,1.07,1.05196,0.02,0.0171,USB,2025-12-31 17:01:44.778566
2025-03-31,1.03,0.97452,0.06,0.056900002,USB,2025-12-31 17:01:44.778566
2025-06-30,1.11,1.06671,0.04,0.040599998,USB,2025-12-31 17:01:44.778566
2025-09-30,1.22,1.11906,0.1,0.09020001,USB,2025-12-31 17:01:44.778566
2024-12-31,1.68,1.53673,0.14,0.0932,MMM,2025-12-31 17:01:48.117479
2025-03-31,1.88,1.7666,0.11,0.0642,MMM,2025-12-31 17:01:48.117479
2025-06-30,2.16,2.01173,0.15,0.073699996,MMM,2025-12-31 17:01:48.117479
2025-09-30,2.19,2.07379,0.12,0.055999998,MMM,2025-12-31 17:01:48.117479
2025-01-31,2.41,2.25134,0.16,0.0705,TGT,2025-12-31 17:01:51.611042
2025-04-30,1.3,1.65123,-0.35,-0.21270001,TGT,2025-12-31 17:01:51.611042
2025-07-31,2.05,2.03342,0.02,0.0082,TGT,2025-12-31 17:01:51.611042
2025-10-31,1.78,1.71013,0.07,0.040900003,TGT,2025-12-31 17:01:51.611042
2024-12-31,0.38,0.41937,-0.04,-0.0939,CSX,2025-12-31 17:01:55.900780
2025-03-31,0.34,0.36532,-0.03,-0.069299996,CSX,2025-12-31 17:01:55.900780
2025-06-30,0.44,0.41748,0.02,0.0539,CSX,2025-12-31 17:01:55.900780
2025-09-30,0.37,0.42464,-0.05,-0.1287,CSX,2025-12-31 17:01:55.900780
2024-12-31,1.39,1.35763,0.03,0.0238,FIS,2025-12-31 17:01:59.241246
2025-03-31,1.21,1.19748,0.01,0.0105,FIS,2025-12-31 17:01:59.241246
2025-06-30,1.36,1.35879,0.0,0.00090000004,FIS,2025-12-31 17:01:59.241246
2025-09-30,1.51,1.48442,0.03,0.0172,FIS,2025-12-31 17:01:59.241246
2024-12-31,2.09,2.05668,0.03,0.0162,SHW,2025-12-31 17:02:02.603423
2025-03-31,2.25,2.16086,0.09,0.041300002,SHW,2025-12-31 17:02:02.603423
2025-06-30,3.38,3.80599,-0.43,-0.111899994,SHW,2025-12-31 17:02:02.603423
2025-09-30,3.59,3.4394,0.15,0.0438,SHW,2025-12-31 17:02:02.603423
2024-12-31,1.52,1.49055,0.03,0.0198,ICE,2025-12-31 17:02:06.067017
2025-03-31,1.72,1.7032,0.02,0.0099,ICE,2025-12-31 17:02:06.067017
2025-06-30,1.81,1.77007,0.04,0.0226,ICE,2025-12-31 17:02:06.067017
2025-09-30,1.71,1.60658,0.1,0.0644,ICE,2025-12-31 17:02:06.067017
2024-12-31,4.42,4.25212,0.17,0.0395,AON,2025-12-31 17:02:09.543913
2025-03-31,5.67,6.0385,-0.37,-0.061,AON,2025-12-31 17:02:09.543913
2025-06-30,3.49,3.40572,0.08,0.0247,AON,2025-12-31 17:02:09.543913
2025-09-30,3.05,2.91459,0.14,0.0465,AON,2025-12-31 17:02:09.543913
2024-12-31,2.62,2.57933,0.04,0.015800001,MCO,2025-12-31 17:02:12.623628
2025-03-31,3.83,3.53876,0.29,0.08229999,MCO,2025-12-31 17:02:12.623628
2025-06-30,3.56,3.38921,0.17,0.0504,MCO,2025-12-31 17:02:12.623628
2025-09-30,3.92,3.68371,0.24,0.0641,MCO,2025-12-31 17:02:12.623628
